link,title
https://www.youtube.com/watch?v=3C0btIJjrW8,"
                Backyard Games Battle | Dude Perfect
              "
https://www.youtube.com/watch?v=iN3ttHug-BU,"
                I've been Banned from Fortnite (I'm Sorry)
              "
https://www.youtube.com/watch?v=93qq-6Sydsk,"
                Patriots vs. Ravens Week 9 Highlights | NFL 2019
              "
https://www.youtube.com/watch?v=qjsU5876iB0,"
                HIGHLIGHTS | Canelo vs. Sergey Kovalev
              "
https://www.youtube.com/watch?v=no6hSNBB32w,"
                Jason Mitchell Speaks On Misconduct Allegations, Leaving 'The Chi' &amp; Lessons Learned
              "
https://www.youtube.com/watch?v=vsYzFhjKXSI,"
                Lamar Jackson and the Ravens gave the Patriots a 'wake up call' ‚Äî Shannon Sharpe | NFL | UNDISPUTED
              "
https://www.youtube.com/watch?v=0ruEtnIFQ1s,"
                CouRage's Big Announcement - The Next Chapter
              "
https://www.youtube.com/watch?v=updE5LVe6tg,"
                Can This Teenager Use a Rotary Phone?
              "
https://www.youtube.com/watch?v=xiXusdahIPw,"
                Boat Stuck At Niagara Falls For More Than 100 Years Comes Loose | NBC Nightly News
              "
https://www.youtube.com/watch?v=5EE8m8mmq1k,"
                Casually Explained: Cycling
              "
https://www.youtube.com/watch?v=al_-PTqpY68,"
                Kevin Gates Goes Sneaker Shopping With Complex
              "
https://www.youtube.com/watch?v=Ai6ntB08QCs,"
                Stunna 4 Vegas - Boat 4 Vegas ft. Lil Yachty (Official Music Video)
              "
https://www.youtube.com/watch?v=hJJwsp8bBTM,"
                REACTING TO CELEBRITY HALLOWEEN COSTUMES ft David Dobrik and JEFF!!
              "
https://www.youtube.com/watch?v=s41j8ZSShnc,"
                Divorce Beach.
              "
https://www.youtube.com/watch?v=VzhFuf-B-N4,"
                A Heist with Markiplier | BLOOPERS
              "
https://www.youtube.com/watch?v=xJIrCxvx1WY,"
                Found Super Rare Amethyst Crystal While Digging at a Private Mine! (Unbelievable Find)
              "
https://www.youtube.com/watch?v=_zN94RGlsNc,"
                *Wears AirPod Pros Once*
              "
https://www.youtube.com/watch?v=MqBNf_hHW4o,"
                UFC 244: Jorge Masvidal vs Nate Diaz Recap
              "
https://www.youtube.com/watch?v=ML78pKEB_5s,"
                Apple AirPods Pro Unboxing
              "
https://www.youtube.com/watch?v=6e9F1JdfRMI,"
                Shane Dawson Conspiracy Palette vs Tati Beauty Palette Review | PatrickStarrr
              "
https://www.youtube.com/watch?v=nvLNKKMbIvY,"
                McDonald's CEO steps down after having relationship with employee
              "
https://www.youtube.com/watch?v=b_8YvN1ptng,"
                Pro Chef Learns How to Make a Raindrop Cake | Bon App√©tit
              "
https://www.youtube.com/watch?v=xQI9oZEY-B0,"
                GOT7 ""ÎãàÍ∞Ä Î∂ÄÎ•¥Îäî ÎÇòÏùò Ïù¥Î¶Ñ(You Calling My Name)"" M/V
              "
https://www.youtube.com/watch?v=wuQr6WWGeQE,"
                Why Link Jumped Into His Dead Dog‚Äôs Grave (MORE)
              "
https://www.youtube.com/watch?v=7E-JkzEiYnw,"
                LAKERS at SPURS | FULL GAME HIGHLIGHTS | November 3, 2019
              "
https://www.youtube.com/watch?v=HgK5T3LxYUw,"
                Final Engine Install &amp; Shaving Carbon Door Handles ( 5 Days Till SEMA )
              "
https://www.youtube.com/watch?v=ngD0PiSOJ0c,"
                We Ran a BETTER Tumbler for One ENTIRE Week
              "
https://www.youtube.com/watch?v=vuHbp02YfKA,"
                Hairdresser Reacts To Silk Press On 4C Hair
              "
https://www.youtube.com/watch?v=yPIRuIWdak0,"
                Girl Calls 911 After Her Mom Overdoses in Car
              "
https://www.youtube.com/watch?v=46ok6AHT2H0,"
                I Bought a Wrecked Peterbilt 379 Semi Truck
              "
https://www.youtube.com/watch?v=ecw1jTYGwII,"
                Brand New, Never Sold, 1987 Buick GNX - Jay Leno‚Äôs Garage
              "
https://www.youtube.com/watch?v=ESAWnQ9UGYc,"
                Resumen y Goles | Toluca 1 - 3 Guadalajara | Liga Mx - Apertura 2019 - Jornada 17 | TUDN
              "
https://www.youtube.com/watch?v=wjaIRPAxGgA,"
                COOL GIRLY AND BEAUTY HACKS || Smart DIY Beauty Hacks For Girls
              "
https://www.youtube.com/watch?v=FUGUCDYt6Lo,"
                My Widebody Toyota Supra is DONE!!!
              "
https://www.youtube.com/watch?v=yTT58uuW8uk,"
                UFC 244: Jorge Masvidal &amp; Nate Diaz Octagon Interview
              "
https://www.youtube.com/watch?v=tdQd02nx7zQ,"
                Houston Rockets vs Miami Heat - Full Game Highlights | November 3, 2019 | 2019-20 NBA Season
              "
https://www.youtube.com/watch?v=7w24TxhtUNY,"
                Boruto Witnesses Kyubi Naruto | Boruto: Naruto Next Generations
              "
https://www.youtube.com/watch?v=qsEsgp3H7CU,"
                Duolingo for Talking to Children - SNL
              "
https://www.youtube.com/watch?v=cc0mZ5RHkXs,"
                Hasan And His Parents Visit 'Subtle Asian Traits' | Patriot Act with Hasan Minhaj | Netflix
              "
https://www.youtube.com/watch?v=WAcpWNd5CLc,"
                When Celebrating Too Early Goes TERRIBLY Wrong
              "
https://www.youtube.com/watch?v=QLx2WZWilBc,"
                2019 United States Grand Prix: Race Highlights
              "
https://www.youtube.com/watch?v=518AWHLn3ZU,"
                The Fake Mac Pro Case is SHOCKINGLY GOOD
              "
https://www.youtube.com/watch?v=WHQ0F2Aa7Oc,"
                Dua Lipa - ""Don't Start Now"" Live | MTV EMA 2019
              "
https://www.youtube.com/watch?v=VZpG4qPXF50,"
                Everton v. Tottenham | PREMIER LEAGUE HIGHLIGHTS | 11/03/19 | NBC Sports
              "
https://www.youtube.com/watch?v=HDzqsOH4PF8,"
                SPICY MEAT MOUNTAIN,  Legendary Noodles &amp; Thai Street Food in Bangkok Thailand  Train Market
              "
https://www.youtube.com/watch?v=IAopbTBIBCI,"
                Harvesting Corn
              "
https://www.youtube.com/watch?v=rXCMrrevZWM,"
                DEATH STRANDING: 10 Things You Need To Know
              "
https://www.youtube.com/watch?v=RtxusASaxYc,"
                Roast Me For $1,000 | Doctor Mike
              "
https://www.youtube.com/watch?v=KfNNeRydOug,"
                5 Things We Get Still Wrong About Human Reproduction
              "
https://www.youtube.com/watch?v=mwUb6D4l0c4,"
                90's Pop Music | The Impossible Memory Challenge
              "
https://www.youtube.com/watch?v=9MoDGIkAudI,"
                The Conspiracy Collection Reveal | Jeffree Star x Shane Dawson
              "
https://www.youtube.com/watch?v=-6-FNvMf56A,"
                Cardi B Meets Cardi E
              "
https://www.youtube.com/watch?v=leJNDpm_G10,"
                Young Thug - Hot ft. Gunna &amp; Travis Scott [Official Video]
              "
https://www.youtube.com/watch?v=zlJDTxahav0,"
                Selena Gomez - Lose You To Love Me (Official Music Video)
              "
https://www.youtube.com/watch?v=GKXS_YA9s7E,"
                Overwatch 2 Announce Cinematic | ‚ÄúZero Hour‚Äù
              "
https://www.youtube.com/watch?v=6u44q0cslfE,"
                Young Dolph - Tric Or Treat (Official Video)
              "
https://www.youtube.com/watch?v=BjbEBvAbsXc,"
                Teyana Taylor, Kehlani - Morning (Official Video)
              "
https://www.youtube.com/watch?v=O5Sduwj9G98,"
                We Broke The Budget | Overtime 12 | Dude Perfect
              "
https://www.youtube.com/watch?v=EUb2dvsJmAI,"
                SHANE DAWSON X JEFFREE STAR Conspiracy Palette... THE TRUTH!!! | NikkieTutorials
              "
https://www.youtube.com/watch?v=ndl1W4ltcmg,"
                THE WITCHER | MAIN TRAILER | NETFLIX
              "
https://www.youtube.com/watch?v=HPJKxAhLw5I,"
                Planting 20,000,000 Trees, My Biggest Project Ever!
              "
https://www.youtube.com/watch?v=vgLOv36an3s,"
                Kanye West Airpool Karaoke
              "
https://www.youtube.com/watch?v=YbZmhgtZkdg,"
                Nick Offerman Gets the Job Done While Eating Spicy Wings | Hot Ones
              "
https://www.youtube.com/watch?v=3qoV_Ee9pOM,"
                Chance the Rapper ft. MadeinTYO &amp; DaBaby - Hot Shower (Official Video)
              "
https://www.youtube.com/watch?v=wUn1TbCINpk,"
                Joe Rogan Experience #1375 - Edward Norton
              "
https://www.youtube.com/watch?v=IC9urbiVp4M,"
                Introducing AirPods Pro ‚Äî Apple
              "
https://www.youtube.com/watch?v=_RIK_yuGQtU,"
                $10 Haircut VS $100 Haircut... **biggest mistake ever**
              "
https://www.youtube.com/watch?v=9TjfkXmwbTs,"
                A Heist with Markiplier
              "
https://www.youtube.com/watch?v=dtZOY-1fW0E,"
                BEST CHALLENGES AND PRANKS ON YOUR FRIENDS || Water Balloon Challenge by 123 GO! GOLD
              "
https://www.youtube.com/watch?v=iObg33h-hEI,"
                40 Days: Logan Paul's Countdown to Fight Night
              "
https://www.youtube.com/watch?v=s4gBChg6AII,"
                World of Warcraft: Shadowlands Cinematic Trailer
              "
https://www.youtube.com/watch?v=8NSwfpmfURA,"
                Staying In A TOKYO CAPSULE HOTEL
              "
https://www.youtube.com/watch?v=XmI7WKrAtqs,"
                The Mandalorian ‚Äì Official Trailer 2 | Disney+ | Streaming Nov. 12
              "
https://www.youtube.com/watch?v=6CNPg2IQoC0,"
                Selah
              "
https://www.youtube.com/watch?v=teVEM16oOH0,"
                KD reacts to Steph Curry‚Äôs broken hand, Achilles injury update &amp; defends Kyrie Irving | First Take
              "
https://www.youtube.com/watch?v=VjCfQMYDhZQ,"
                Thrift Store Makeover #5
              "
https://www.youtube.com/watch?v=98O-SncoWnQ,"
                We Locked Our Phones Away For A Week
              "
https://www.youtube.com/watch?v=K1JpV6ONsXw,"
                Nationals win 1st World Series with Game 7 comeback win! | Astros-Nationals MLB Highlights
              "
https://www.youtube.com/watch?v=sGmgMnhgTVM,"
                Los Angeles Lakers vs Dallas Mavericks - Full Highlights | November 1, 2019 | 2019-20 NBA Season
              "
https://www.youtube.com/watch?v=ISKlbc9fhTs,"
                FINDING A HALLOWEEN COSTUME IN 24 HOURS
              "
https://www.youtube.com/watch?v=BRB-OlGJK1w,"
                Why I'm Beating Logan Paul - 40 Days: KSI
              "
https://www.youtube.com/watch?v=_BOvRhfKVdk,"
                Blueface - First Class ft. Gunna
              "
https://www.youtube.com/watch?v=UVadfCxNnoY,"
                Doja Cat - Rules (Official Video)
              "
https://www.youtube.com/watch?v=6xKSG6bemyY,"
                Leaving Things Buried Underground For A Month (EXPERIMENT)
              "
https://www.youtube.com/watch?v=d_HBCiXRsxM,"
                Carving Each Other's Faces On To Pumpkins üéÉ
              "
https://www.youtube.com/watch?v=qRd5SlRw48o,"
                WEARING LONG ACRYLIC NAILS FOR 24 HOURS || Longest Nails Ever!! Funny Pranks by 123 GO! CHALLENGE
              "
https://www.youtube.com/watch?v=jJXy3Aya8H4,"
                I'm Dog Stairs For Halloween
              "
https://www.youtube.com/watch?v=MrUhzYdcX6w,"
                AirPods Pro Unboxing &amp; Impressions!
              "
https://www.youtube.com/watch?v=fDek-pRxLss,"
                Film Theory: How Pennywise BEAT Pennywise (IT Chapter 2)
              "
